{
  "faithfulness": 0.6666666666666666,
  "answer_relevancy": 0.9291868955735877,
  "context_precision": 0.6666666666388888
}